country,p_prospective,p_Au,p_Ag,p_Cu,p_PbZn,p_Fe,p_Mn,p_U,p_WMoSn,p_NiCoPGECr,p_LiBeTaNb,p_REE,p_Al,p_HgSbAs,p_BaF,p_P,cells,mean_p,known_positive_cells
United States of America,20111.412,5099.6724,1170.9951,2050.8691,2583.9758,3539.5884,757.0282,1229.2157,601.8236,407.5328,266.6612,92.6782,287.2185,535.1342,864.9315,624.0868,257451,0.0781,16025
Russia,20106.941,5363.552,390.8114,4987.976,835.7774,2236.5747,335.5882,22.5838,1024.4344,2732.6313,258.9062,176.1758,575.1173,281.6979,71.4211,813.6932,453004,0.0444,747
China,16979.57,3224.4197,272.0542,5722.886,1280.5455,1673.6495,940.6413,34.2416,1022.3322,509.8266,197.849,236.0702,419.6245,122.944,213.3633,1109.1222,280661,0.0605,538
Canada,14067.67,2863.722,692.5832,5954.679,1882.351,936.9446,31.155,47.2382,472.7316,771.729,61.0739,26.5592,36.8461,121.1734,125.0645,43.8194,259458,0.0542,947
Brazil,11530.434,4593.03,164.146,501.1974,587.532,631.9055,485.785,59.6231,1881.4268,517.3822,809.5282,189.7961,468.3294,27.9534,285.4235,327.3752,219145,0.0526,663
Australia,11298.192,2603.2253,317.281,3490.2869,1053.8628,799.1475,181.3844,247.1516,631.6452,578.8134,96.2849,423.1335,430.6484,23.6593,173.0808,248.5877,220763,0.0512,447
India,5144.3574,142.1582,50.7109,1471.3718,454.4676,580.5738,968.277,1.6818,134.7004,213.5388,8.2379,98.3413,415.2331,43.0684,104.08,457.9166,85800,0.06,211
Mexico,4197.566,584.0926,690.0321,544.562,705.2666,155.5353,175.0683,23.8428,181.5144,94.1519,12.6181,11.3662,29.6995,378.8114,452.9852,158.0197,46897,0.0895,771
Argentina,4036.016,639.1488,213.1833,648.49,547.9184,399.2662,179.9501,34.8152,432.1907,160.3914,122.732,27.4845,22.7197,81.6389,450.3733,75.7134,94266,0.0428,459
Iran,3902.7249,180.2037,101.0188,1100.2247,1009.597,500.9486,54.1284,5.3029,81.931,520.4055,5.2631,4.6735,60.9459,116.969,82.5452,78.5673,44427,0.0878,144
Peru,3591.4148,699.156,650.5274,843.6909,641.8756,23.0422,14.5051,4.5392,432.6176,30.7593,18.5045,9.0492,5.6998,190.8943,19.6635,6.89,31343,0.1146,751
South Africa,3273.9106,604.8272,137.5794,463.8708,251.5007,343.6626,314.9029,52.195,252.1184,401.7951,150.2948,110.0371,18.0024,10.1671,113.8477,49.1094,31986,0.1024,264
Bolivia,2938.383,618.5602,281.8055,304.1745,477.7931,70.0341,75.1093,8.914,687.9751,39.5497,119.9436,6.1103,5.9268,201.7332,29.9336,10.8201,30030,0.0978,656
Mongolia,2905.679,290.7757,83.8522,1176.354,181.9061,48.0526,32.2366,13.9233,345.112,92.0374,73.4649,183.2175,30.9838,7.0565,305.3016,41.4049,45386,0.064,65
Indonesia,2881.826,451.2726,85.5662,1189.4998,37.9365,49.587,217.387,2.1811,113.4932,398.9033,11.6261,9.122,277.0444,23.0824,5.8211,9.3031,48745,0.0591,38
Democratic Republic of the Congo,2581.3093,227.449,22.5493,332.2224,151.4213,49.5167,319.9988,129.6258,692.5752,49.5025,484.7554,32.8144,45.7535,3.4694,10.0054,29.6501,57988,0.0445,57
Kazakhstan,2498.851,296.344,42.0183,1063.6094,231.441,100.0732,46.0943,8.2225,205.0561,209.3412,18.2245,11.4255,91.2894,23.3313,13.1673,139.213,64086,0.039,256
Turkey,2388.1504,195.8293,67.5691,411.2603,209.9335,146.8737,15.0316,3.3454,73.6795,785.3263,5.8172,3.5406,150.4854,258.0591,37.5853,23.8142,19987,0.1195,118
Ethiopia,2196.4248,914.0407,52.3833,281.7198,36.5172,83.1083,18.4331,1.1232,48.9105,463.41,231.455,1.3502,30.4127,1.9473,26.41,5.2033,33227,0.0661,11
Venezuela,2062.3977,1240.0607,44.9111,84.0865,36.8554,70.0719,48.3472,1.3232,38.4132,71.1847,11.9075,3.5415,221.4267,99.6902,21.7337,68.8441,27326,0.0755,163
Colombia,2028.8282,1224.7494,258.0738,171.1194,81.53,25.8097,13.0717,2.6157,68.6503,40.7846,17.9642,6.4041,12.7635,34.9089,59.5588,10.8241,30414,0.0667,374
Saudi Arabia,1711.5844,246.7069,116.616,593.6473,230.502,166.2685,29.2118,15.6891,18.5367,27.2553,5.9265,13.2431,22.7444,6.6659,35.4188,183.1522,54027,0.0317,50
Algeria,1664.3948,104.7446,47.5383,213.0659,254.2495,390.9094,14.256,31.1972,19.9954,5.0767,8.623,9.5035,12.1144,23.5704,189.4224,340.1279,61887,0.0269,71
France,1641.7133,263.2784,46.0787,140.5318,162.9029,309.0544,24.2368,5.6943,112.8347,46.2968,9.603,5.2599,242.0692,33.8059,230.53,9.5365,18420,0.0891,160
Chile,1629.3649,457.5596,141.6952,662.613,159.2945,42.72,19.0672,1.8972,47.049,71.566,3.6037,2.704,3.2615,5.2067,9.4968,1.6307,22071,0.0738,1438
Japan,1540.3779,190.9591,75.045,401.3364,154.988,75.696,43.2133,2.0858,63.7738,213.8218,4.5529,2.0722,17.3258,249.4611,32.5572,13.4895,11593,0.1329,240
Spain,1493.737,81.9825,52.1572,214.6788,332.9034,149.1736,7.0108,3.0864,70.4664,46.7653,2.512,2.1188,216.8136,91.8177,187.5881,34.6626,13662,0.1093,104
Madagascar,1487.2372,68.66,9.2442,55.5405,13.6715,78.0159,32.881,5.7156,24.5576,621.5095,360.4602,77.1435,96.2118,1.3171,2.1311,40.1776,15954,0.0932,12
Angola,1264.3999,51.013,22.9425,522.1624,107.1133,52.1679,159.6028,2.1076,90.0315,38.7488,150.4198,9.9488,4.0713,1.4787,3.618,48.9736,30656,0.0412,11
Namibia,1228.7557,74.9994,56.3723,449.6031,86.0487,21.4574,48.1814,29.0682,196.5337,17.7615,208.0873,12.6878,0.7241,2.4967,14.2723,10.4618,20947,0.0587,47
Pakistan,1227.6614,74.1384,24.4566,587.1317,81.88,42.8224,33.6039,0.847,16.7185,198.7318,2.559,3.4885,93.6115,15.567,19.4808,32.624,22929,0.0535,21
Nigeria,1203.7634,170.9436,8.2131,25.8356,7.6347,337.9568,40.8613,1.2707,81.6592,14.5,273.5446,20.3835,62.488,0.4643,9.6952,148.313,27215,0.0442,8
Afghanistan,1196.3822,144.779,42.6009,337.9536,232.1653,99.1715,12.5739,4.223,79.5423,67.4388,7.7227,6.384,21.7587,61.9744,43.8294,34.2646,15986,0.0748,20
Norway,1187.7174,44.6844,29.0897,548.5662,156.013,163.4813,19.545,2.2024,24.4277,96.4123,3.8088,19.6198,32.9211,5.7909,9.1636,31.9912,14621,0.0812,74
Sudan,1065.7902,291.4294,38.0727,290.0507,50.2415,96.4484,36.9993,10.3885,22.2563,156.3637,8.444,2.4415,8.5369,1.2046,38.2165,14.6961,47251,0.0226,7
Greenland,1034.8478,122.3478,24.0011,149.6534,108.358,112.1582,0.8597,0.6166,100.464,211.3064,129.8339,1.1901,1.6649,0.6561,1.735,70.0026,58423,0.0177,11
Papua New Guinea,1030.9198,306.5409,66.6092,480.1271,10.1135,6.5897,5.4549,0.3453,9.6135,124.6269,1.3332,0.4103,15.7906,2.7991,0.2682,0.2975,11628,0.0887,47
Philippines,1029.0951,169.24,48.1987,484.341,25.7198,30.5751,36.742,0.4159,16.235,158.7653,0.4975,3.1288,10.3975,23.7838,11.2418,9.8131,7628,0.1349,141
Morocco,1015.8349,48.3896,53.0592,205.156,234.6514,146.2881,44.392,8.6612,12.7997,3.497,1.7092,1.0838,5.4536,15.732,120.5682,114.3939,15045,0.0675,65
Finland,967.191,65.6558,21.5494,367.1926,71.9817,131.0062,1.687,1.4835,6.9089,244.5676,3.766,10.2214,17.7341,2.924,0.8866,19.6264,11921,0.0811,66
United Republic of Tanzania,965.6537,158.1673,13.6172,126.8498,11.8465,44.6459,19.6991,2.2408,77.6297,127.9852,186.1656,65.275,11.4023,1.2653,3.0141,115.8501,22654,0.0426,12
Zambia,943.991,69.4123,26.8229,533.4732,25.5926,35.3763,36.9784,1.057,31.769,97.6938,59.0601,3.2298,1.9918,1.7545,2.0638,17.7155,17471,0.054,68
Kenya,920.1014,102.9835,21.4468,91.2382,18.1471,66.9321,59.726,5.1176,25.779,188.1846,87.3054,38.2287,6.5876,2.7551,135.9747,69.6952,15514,0.0593,11
Sweden,918.6516,65.0751,45.7052,315.0521,185.2361,209.1157,3.8766,2.5352,11.5361,41.7847,1.6209,3.5524,14.3368,3.3639,5.6057,10.255,17212,0.0534,84
Italy,909.5024,47.0319,29.8332,161.5904,214.5898,83.0281,11.491,1.2789,51.2329,48.1722,1.4175,1.242,106.7167,67.0707,79.6212,5.186,7945,0.1145,48
Zimbabwe,893.6042,175.0323,27.1667,177.6416,20.6893,44.3888,4.7518,1.433,54.0727,291.492,76.2603,2.5265,1.3843,4.2177,3.3263,9.2207,9113,0.0981,127
Ivory Coast,867.7811,398.8641,5.0052,12.723,2.3134,184.6136,53.2604,0.1382,4.3116,9.5457,13.6906,3.0024,147.0893,0.4609,3.6228,29.1399,12270,0.0707,4
Myanmar,847.1303,93.2137,21.002,113.6652,54.5397,51.4498,66.6021,0.5935,265.9021,90.7399,1.0078,8.7777,8.9234,30.4533,26.3754,13.8848,16251,0.0521,47
Thailand,838.2706,119.5939,16.7405,44.7339,35.2813,52.8722,17.5128,0.8047,311.5064,12.4625,2.5937,16.7795,17.2326,70.6459,100.1315,19.3792,12171,0.0689,106
United Kingdom,789.0372,25.9273,28.4831,223.2528,100.635,168.1558,4.7597,1.5441,105.0036,12.2491,0.384,1.6041,37.827,3.1737,72.9273,3.1107,7499,0.1052,34
Mali,768.676,198.76,13.5829,89.5068,15.3235,190.5411,102.1684,16.7394,14.6449,6.9693,18.2228,5.1535,9.776,0.8225,19.0771,67.3879,38502,0.02,7
Mozambique,767.4584,24.6203,6.1699,70.2201,13.6724,22.8979,9.8281,4.2833,18.3733,37.7949,292.0868,208.0078,17.512,0.9085,1.7791,39.3039,18788,0.0408,15
Ukraine,718.3867,8.1964,3.7606,121.4727,19.7606,258.8534,180.5,0.6046,6.5895,47.6212,0.9943,18.5771,9.7396,1.6172,2.9502,37.1492,16440,0.0437,39
Germany,699.1314,23.427,29.8624,225.3397,102.0576,138.7432,11.7369,2.3428,36.3574,23.6034,0.9559,2.7249,27.1901,5.6784,64.9386,4.1734,10960,0.0638,73
Guyana,695.7688,472.6492,2.3439,5.8115,0.4838,12.9635,3.9254,0.6786,19.5572,6.302,10.352,1.4406,155.3644,1.3456,1.5656,0.9854,5798,0.12,186
Libya,685.1506,35.0367,12.2801,77.5958,23.8662,188.4921,4.2658,11.6325,4.3409,2.2563,1.3837,2.1098,4.6273,1.6538,65.2025,250.4072,38112,0.018,2
Malaysia,626.5522,43.9246,7.7548,129.0237,11.95,12.6507,13.5134,0.432,273.2454,18.5263,0.8659,5.943,80.4412,20.2275,5.6488,2.4049,8485,0.0738,50
Ghana,585.87,174.8916,3.6686,10.4144,2.6702,102.9704,34.2535,0.6569,2.1968,8.9422,30.5503,19.5661,56.0194,0.6661,21.4956,116.9081,8621,0.068,22
Vietnam,565.8254,74.2957,15.0078,80.8086,33.2184,55.6983,25.7404,1.0711,69.5707,20.924,1.4425,71.8488,16.1758,34.3757,44.1611,21.4861,8141,0.0695,19
Egypt,565.7104,44.3373,9.4916,97.3711,23.8076,119.0576,12.2998,10.0653,7.2782,3.792,2.2488,2.9189,5.2076,2.1667,22.3277,203.3402,23602,0.024,57
Greece,548.9095,26.8623,12.9073,111.589,68.0088,21.1091,2.0657,0.3742,13.969,69.9095,0.62,0.3531,176.8064,29.3866,13.3538,1.5945,3155,0.174,23
Chad,513.0006,144.4739,17.3689,107.353,24.4624,86.1074,37.6938,7.2666,11.9771,9.5333,10.8709,2.7926,7.8176,1.009,25.8746,18.3995,32063,0.016,0
New Zealand,509.1576,207.3844,24.2191,80.1173,68.4,17.0673,1.6053,0.8049,52.9842,37.8517,1.0189,1.9528,1.7726,3.1797,10.0773,0.7222,6990,0.0728,34
Yemen,506.7054,63.2983,18.0497,230.875,58.2739,14.5265,6.4753,3.4163,69.5998,4.0905,16.1123,2.5141,1.9952,0.9638,2.7741,13.7406,14362,0.0353,2
South Korea,487.9328,84.2887,24.8199,109.0997,99.1267,52.0186,18.2162,1.6828,39.2744,4.237,2.7936,0.5165,2.3719,12.2327,31.7834,5.4707,3751,0.1301,65
Suriname,474.9566,322.8266,1.2761,3.1338,0.1535,8.0496,3.6979,0.6455,15.8106,3.9858,11.8454,1.2702,100.0398,0.7231,0.9237,0.575,3787,0.1254,25
Guinea,468.5442,63.3208,1.2077,12.3828,0.5821,47.9385,10.0491,0.0245,3.118,14.8161,2.9552,0.2837,308.2978,0.5133,0.5255,2.5291,8081,0.058,20
Uruguay,461.2486,142.4216,7.8694,37.8644,89.2883,76.2075,6.1912,0.7012,6.9285,2.0075,1.4896,2.2595,6.2209,0.3198,7.2346,74.2445,6510,0.0709,11
Cameroon,457.356,67.5932,1.58,14.0479,1.3293,79.9734,15.8487,0.2759,8.6971,11.246,14.8798,0.8516,232.6283,0.2205,1.0114,7.1729,13784,0.0332,5
Niger,451.3492,80.0446,6.4968,39.4522,8.5082,175.2322,69.8394,16.4233,9.7228,0.911,7.4712,3.3983,0.5137,0.2228,17.8624,15.2506,31238,0.0144,8
Republic of the Congo,443.5964,10.3581,1.3152,141.3821,111.1734,8.7357,92.8036,19.4799,25.3609,0.8301,17.939,3.1921,4.2925,0.5428,1.2085,4.9825,9358,0.0474,3
North Korea,422.9031,101.4239,10.0487,60.4328,71.5345,88.3055,24.2316,1.2082,30.0038,9.2986,2.173,0.8205,3.8841,6.089,11.985,1.4639,4868,0.0869,4
Honduras,416.1052,132.7001,74.5902,39.4624,57.6031,7.3325,2.9861,0.1212,4.356,13.3898,0.0975,0.0785,1.2583,77.5704,3.6451,0.9139,3308,0.1258,66
Botswana,410.4859,52.6611,17.879,190.1623,16.9318,21.7036,36.7898,0.7429,9.9168,47.7699,3.464,1.3214,0.8345,1.3963,3.8481,5.0644,14030,0.0293,18
Ecuador,403.3596,167.3101,53.885,79.3411,24.0815,8.0627,7.7647,1.0476,15.4465,25.5636,3.1902,2.6315,2.6343,7.1985,2.7947,2.4075,6155,0.0655,61
Romania,397.9967,16.2942,8.7564,173.7643,49.2779,30.3611,48.5867,0.9923,12.675,23.3793,1.9438,4.0088,12.0906,3.6157,7.5096,4.7408,6269,0.0635,19
Kyrgyzstan,391.6058,66.7809,12.2408,165.9223,50.0248,12.5007,2.371,0.5959,25.3299,28.7498,3.0187,1.0959,3.1841,13.2934,3.5995,2.898,4622,0.0847,37
Uganda,390.7211,63.1997,3.304,16.7711,2.1834,10.6936,5.0713,1.1906,62.7855,45.2412,147.8025,8.6098,3.3451,0.3977,10.5198,9.6058,6172,0.0633,10
Mauritania,390.4118,52.2216,5.4811,40.1065,6.04,169.585,52.6946,11.2361,5.3001,0.8692,2.4199,4.8774,1.0816,0.251,11.8145,26.4331,28762,0.0136,8
Poland,386.2242,11.7101,9.7805,213.4771,40.5165,38.1167,8.3804,0.7927,15.2437,21.1157,0.7749,2.2549,8.6918,1.6142,9.5714,4.1834,9450,0.0409,27
Nepal,383.3465,22.226,4.3131,211.8024,8.5644,17.601,21.8474,0.0565,3.8489,24.9375,0.2956,1.359,8.0544,1.1914,0.5526,56.6964,4030,0.0951,0
Burkina Faso,349.849,115.0682,7.3988,20.3063,8.8633,92.8808,22.8532,0.7969,3.8969,1.6432,17.03,1.8373,2.5951,0.2765,8.5817,45.8208,9132,0.0383,8
Oman,338.0652,19.0975,9.2104,188.2295,22.5557,22.0019,5.3345,1.3156,9.4584,12.4718,1.2254,1.9073,3.68,1.1827,2.6148,37.7799,10430,0.0324,7
Liberia,333.2455,27.9798,0.2459,2.8512,0.0544,244.3352,21.3422,0.0031,1.3264,3.2788,0.166,0.4553,27.4351,0.3455,0.4282,2.9983,3583,0.093,13
Uzbekistan,302.6027,55.6288,5.563,61.782,21.4917,16.4472,4.3035,0.7938,51.1619,18.1135,2.6427,1.259,2.1518,6.1311,6.9782,48.1546,10572,0.0286,36
Paraguay,293.7812,3.3558,0.9873,14.6573,47.3086,91.6384,120.0999,0.2318,2.0564,0.8192,0.8777,0.6184,2.5915,0.0834,0.6281,7.8275,12204,0.0241,5
Portugal,282.2263,35.0054,15.9581,66.5079,57.3678,22.8948,2.0166,1.1137,18.0213,7.7241,0.8377,0.5503,3.0795,15.2637,32.5765,3.3089,2311,0.1221,25
Guatemala,272.8824,66.3194,49.5917,25.213,54.8131,9.4796,3.3916,0.1411,3.0299,16.8869,0.1633,0.1064,1.8333,37.0079,3.4851,1.4202,2945,0.0927,35
Laos,266.6104,60.7889,9.9223,58.7019,27.3411,16.0599,7.4656,0.5069,40.5377,10.8719,0.6448,1.6336,8.1402,9.1831,10.3983,4.4141,5601,0.0476,26
Central African Republic,260.7898,38.7251,0.745,12.516,0.7294,11.7841,4.3962,0.2072,0.7171,4.511,0.836,0.0748,184.1301,0.1834,0.2488,0.9857,17413,0.015,0
Turkmenistan,245.4881,56.9357,3.0768,23.9887,9.6152,19.3238,1.5017,0.9959,24.2005,18.4733,4.1857,1.398,2.1911,2.4943,5.6174,71.4902,11494,0.0214,0
Iceland,244.3002,70.8746,8.7833,89.1847,11.7766,7.3488,2.1578,1.7005,15.3233,29.1866,0.9766,0.7928,1.0963,2.1232,1.7352,1.24,3224,0.0758,0
Cuba,236.7046,19.0631,4.6707,41.4648,5.5514,16.091,46.1827,0.0678,0.6158,41.2856,0.0396,0.7037,32.2743,2.367,6.422,19.9051,3579,0.0661,145
Sri Lanka,232.7839,10.5024,2.7006,18.6561,3.6605,12.2061,14.9441,0.3081,30.0668,6.3133,0.5882,75.0866,9.9421,12.9162,5.4413,29.4514,1690,0.1377,4
Iraq,229.7204,12.7548,1.6142,15.2883,4.8402,10.218,0.8208,1.1527,5.5349,5.9765,0.6361,0.7174,3.1275,3.8262,2.5034,160.7096,11811,0.0194,7
Nicaragua,229.4505,125.0924,24.6033,26.8901,13.1749,4.5266,3.2752,0.0686,2.5735,10.2926,0.059,0.152,1.5209,14.2132,2.0637,0.9445,3782,0.0607,38
Somaliland,227.4949,9.3485,0.7608,14.7752,1.5672,1.4854,0.5615,0.4091,52.5119,0.7449,138.976,0.8468,0.1351,0.0417,0.4767,4.8541,5644,0.0403,3
Tunisia,221.3602,2.3433,2.8319,29.8568,43.6887,16.628,0.1044,2.5384,1.1322,0.4493,0.0602,0.313,2.0645,3.123,15.3806,100.8461,3889,0.0569,34
Belarus,215.6774,0.9172,0.5544,26.5456,4.3912,74.3703,9.3401,0.4003,0.9245,7.0943,0.3765,5.2637,2.5645,0.2363,1.0149,81.6835,6470,0.0333,2
Eritrea,215.0354,57.8921,7.3027,103.2533,16.5539,2.852,0.7681,0.2682,8.7831,9.4592,5.4322,0.1853,0.1488,0.1358,0.7059,1.2948,3390,0.0634,14
Dominican Republic,209.0779,28.1212,8.4856,53.1556,5.5672,10.885,28.5592,0.0368,0.6108,31.2433,0.0178,0.289,23.7568,2.4689,4.3395,11.5411,1805,0.1158,33
South Sudan,205.5198,44.6002,0.9939,37.4433,0.58,17.9269,4.8174,0.0143,0.4939,48.2477,1.2196,0.0909,46.7449,0.1137,0.1067,2.1264,17186,0.012,0
Bulgaria,194.7243,9.709,5.6324,101.3649,26.5514,7.2954,14.4966,0.3188,5.8777,13.4136,0.9371,0.7702,3.2385,2.1126,1.9511,1.055,2858,0.0681,24
Syria,190.301,5.7012,2.273,34.0372,14.0179,10.0648,0.7336,1.0989,1.5301,3.2945,0.2483,0.2001,2.2374,2.616,2.7379,109.51,4724,0.0403,4
Gabon,186.8753,3.6693,0.5449,35.4188,6.1616,7.3644,70.4962,16.1575,11.4522,1.0378,18.363,4.1005,7.5379,0.4323,0.4527,3.6863,7401,0.0253,5
Senegal,185.5526,28.4106,1.3821,13.9321,1.8092,32.3112,11.8556,0.3194,1.0285,5.2913,0.962,1.0675,8.5612,0.6398,8.8859,69.0964,5757,0.0322,9
Azerbaijan,184.366,6.5224,2.6042,125.6546,20.1472,4.9553,1.7766,0.0315,4.0033,10.2628,0.0792,0.1384,1.0787,2.1712,0.6257,4.315,2324,0.0793,8
Austria,178.3419,8.0222,5.3416,40.7598,31.0312,14.6946,5.1217,0.5629,17.3728,7.2654,0.5344,0.5524,11.1132,5.3666,29.3687,1.2343,2347,0.076,14
Somalia,177.4984,14.4126,0.6818,13.8279,1.1211,3.4888,0.5358,0.3986,64.6557,5.1527,39.356,1.7484,0.636,0.2204,2.6137,28.6488,14562,0.0122,0
Panama,175.9187,77.546,13.1235,49.7288,5.0928,3.2942,3.9316,0.0216,3.6959,11.1487,0.0263,0.1013,2.9661,3.2897,1.3129,0.639,2011,0.0875,37
Georgia,172.3831,9.5833,2.9578,95.0156,27.979,5.5422,6.0917,0.1182,7.1259,8.8375,0.16,0.2675,4.2744,2.3563,1.4693,0.6045,1918,0.0899,20
Ireland,171.6432,6.2919,5.231,50.947,22.8352,14.5559,0.3943,0.1745,39.4188,1.7753,0.0353,0.3374,5.743,0.8251,22.5719,0.5067,2008,0.0855,17
Sierra Leone,169.5494,9.9869,0.1831,1.2852,0.0285,62.5392,7.5931,0.0012,0.8375,12.0769,0.101,0.2661,73.5011,0.3386,0.1454,0.6655,2463,0.0688,9
Cambodia,167.0588,51.6011,4.6862,9.1255,3.9177,16.5455,6.0069,0.2668,17.8049,5.8863,1.3582,2.3248,15.7934,9.9133,15.1605,6.6678,4333,0.0386,14
Benin,162.3326,15.4089,1.2272,3.8688,1.2758,42.9337,5.8878,0.1804,0.823,1.3244,21.0729,4.4053,5.2857,0.105,3.3877,55.1458,3785,0.0429,2
Tajikistan,152.4848,28.5544,3.7996,65.6192,17.6603,2.9559,0.7366,0.1959,16.3164,4.2769,3.1059,0.6388,0.6092,4.7778,1.9451,1.2928,3358,0.0454,18
Jordan,150.8728,0.7686,1.1138,17.5458,10.1747,13.7326,0.9162,3.976,0.4118,0.6505,0.0895,0.0796,2.4468,0.4889,6.6011,91.8769,2184,0.0691,11
Albania,146.261,6.7109,3.7349,24.6816,19.0166,6.2406,0.9266,0.1315,7.675,43.8714,0.2704,0.1622,20.1957,9.2952,2.9818,0.3667,705,0.2075,27
Czechia,136.466,5.1586,5.5701,50.1637,20.3973,14.4297,2.6339,0.5278,8.0146,7.5105,0.3079,0.4837,4.5128,1.737,14.1541,0.8641,2277,0.0599,11
Costa Rica,135.8056,72.2833,13.7039,30.2275,5.6074,1.4645,2.3712,0.011,0.9505,5.2327,0.0078,0.0177,0.7092,2.6985,0.3008,0.2197,1431,0.0949,14
Croatia,129.0929,2.165,1.2174,8.2311,8.2883,6.2418,3.8919,0.1328,2.12,5.1764,0.1972,0.4021,86.2622,1.8237,2.4724,0.4706,1449,0.0891,3
Republic of Serbia,128.4141,4.1021,2.8563,54.4537,22.186,6.9625,12.5328,0.0974,2.0003,6.4878,0.2109,0.7083,11.7477,1.3471,1.9467,0.7743,2001,0.0642,15
Bosnia and Herzegovina,123.4582,3.0563,2.3886,16.3008,19.8554,7.8894,6.5661,0.1762,3.3153,11.2852,0.355,0.3142,43.7404,2.9413,4.7759,0.4979,1346,0.0917,13
Haiti,122.9368,12.3607,3.6295,38.3758,4.3108,5.4517,11.8072,0.0519,0.5343,9.4031,0.0139,0.244,22.9281,1.2705,5.0826,7.4726,971,0.1266,12
Togo,122.8485,7.9835,0.5446,1.6826,0.5412,25.2535,4.0399,0.1514,0.4322,0.6418,15.3519,3.2268,9.2,0.0947,5.2532,48.451,1940,0.0633,3
Rwanda,122.8084,3.6269,0.7213,4.0589,0.8618,0.9529,0.6412,0.394,56.6786,7.1251,35.5293,7.6476,0.3573,0.1919,1.1628,2.8591,619,0.1984,3
Lesotho,120.6306,30.5244,9.8465,10.5548,15.5361,4.8446,1.8001,3.5139,17.1598,4.7967,2.2271,0.8995,0.5214,1.4543,14.7865,2.1647,774,0.1559,0
Malawi,113.6005,3.0557,0.6131,6.8486,0.9622,8.2544,6.3913,0.3609,1.1492,19.8563,26.6858,11.4099,7.9951,0.1982,0.2821,19.5378,2789,0.0407,4
North Macedonia,113.1405,5.1853,3.9762,42.33,19.4041,4.4064,1.2704,0.0538,2.9478,26.7238,0.287,0.1172,2.1714,3.0313,0.882,0.3538,631,0.1793,11
Switzerland,100.1287,4.971,2.7967,20.3576,15.071,9.5278,1.5207,0.2831,10.5714,3.661,0.1053,0.2941,7.5977,2.6262,20.0105,0.7346,1190,0.0841,2
New Caledonia,97.9292,17.3481,1.9203,9.0145,0.5262,5.7665,0.856,0.0299,0.9682,58.7705,0.3197,0.9079,0.5103,0.2118,0.1847,0.5946,486,0.2015,23
Jamaica,94.1012,4.372,1.3708,22.6619,2.1411,3.2779,11.1773,0.0147,0.2021,4.4059,0.0045,0.1699,32.8256,0.7876,1.5379,9.152,370,0.2543,92
Taiwan,91.4845,8.5787,2.4623,21.816,4.2572,12.5906,6.8789,0.1437,4.3049,5.7087,0.1385,7.3215,2.5972,7.2718,2.3197,5.0949,1112,0.0823,12
Netherlands,90.7331,3.3118,4.6011,27.6223,12.612,21.8314,0.9526,0.4099,5.2281,2.149,0.1174,0.3155,1.7621,0.3542,7.9082,1.5576,1217,0.0746,2
Belgium,87.8321,3.1914,4.808,18.7632,13.9788,26.0622,1.0228,0.3539,4.9395,2.1895,0.0876,0.2908,2.2708,0.5435,8.8415,0.4885,975,0.0901,12
Puerto Rico,81.6842,5.6546,1.709,32.664,2.4606,2.3978,7.0588,0.0259,0.2385,3.0752,0.0044,0.1569,16.5,0.592,3.2606,5.8859,344,0.2375,14
Solomon Islands,81.359,15.3186,4.8258,55.0725,0.9029,0.2726,0.532,0.0057,0.1634,4.1005,0.0034,0.003,0.0123,0.0923,0.0401,0.0139,793,0.1026,5
Slovakia,77.375,3.6149,2.1059,28.1307,11.6323,6.2509,5.4739,0.2351,3.8977,4.0098,0.2979,0.4904,5.3083,1.1978,4.201,0.5284,1353,0.0572,8
Armenia,74.2109,6.71,1.962,35.6337,10.854,3.5374,0.3701,0.0481,1.8023,8.047,0.0558,0.0646,0.6626,3.4838,0.6115,0.3681,825,0.09,18
Lithuania,72.2261,1.2696,1.008,32.1837,4.5677,21.6689,1.0197,0.1059,1.1091,3.7014,0.0916,0.518,1.0958,0.09,0.7236,3.0728,2101,0.0344,0
Israel,71.1488,0.9957,0.6,34.9025,7.2056,2.6886,0.0449,2.1737,0.5087,0.1823,0.0161,0.0193,0.4055,0.4054,2.29,18.7106,537,0.1325,8
Burundi,69.0725,1.9355,0.3819,2.4464,0.6144,1.0437,1.1204,0.3606,19.577,4.6338,18.7531,12.8333,1.3346,0.1361,0.6063,3.2954,650,0.1063,2
Western Sahara,65.3955,3.2471,1.1238,7.6548,1.5905,36.0551,0.1477,0.6929,0.4942,0.1251,0.132,0.3268,0.2196,0.0768,6.5213,6.9877,2340,0.0279,0
United Arab Emirates,62.6495,3.0976,1.0118,34.8904,2.4246,4.7379,1.065,0.8709,1.0105,4.6721,0.3023,1.6787,1.9784,0.5002,0.6957,3.7134,2266,0.0276,0
Moldova,59.9923,1.0078,0.4005,23.147,1.8275,6.8363,13.9562,0.0525,0.9977,7.2685,0.0827,1.2124,0.751,0.1676,0.1339,2.1508,906,0.0662,0
Denmark,57.3794,1.2563,1.7797,26.1174,6.7291,12.4467,0.478,0.0685,1.9735,1.5742,0.0254,0.1742,1.6719,0.1027,2.2896,0.6924,1469,0.0391,0
East Timor,56.5211,4.989,2.4143,40.3249,1.0101,0.579,1.5783,0.002,0.4174,4.9202,0.0182,0.0127,0.0331,0.0939,0.0398,0.0882,397,0.1424,0
Hungary,53.7691,1.5531,0.8399,8.9524,3.6148,10.4325,14.6319,0.2058,0.8559,2.1556,0.1773,1.4403,6.3591,0.3567,1.0555,1.1382,2531,0.0212,13
Fiji,53.4549,11.9283,4.452,21.1672,1.5086,0.7747,6.068,0.0094,0.452,6.4553,0.0214,0.0203,0.0568,0.1909,0.2604,0.0897,568,0.0941,6
Cyprus,51.7054,1.267,0.5967,42.593,3.5702,0.4392,0.0128,0.0024,0.3227,2.261,0.0081,0.0098,0.0387,0.2343,0.1539,0.1956,138,0.3747,17
Guinea-Bissau,50.2049,6.3667,0.2519,2.4993,0.1192,7.1464,5.1891,0.0073,0.3869,8.3717,0.1886,0.8556,16.9171,0.3593,0.1699,1.376,979,0.0513,0
El Salvador,49.7374,13.5059,7.916,6.0932,4.2325,2.6115,2.2115,0.0163,0.257,8.5947,0.0195,0.0183,0.7721,2.6902,0.5876,0.2111,576,0.0863,8
Slovenia,49.6683,1.3769,1.0545,7.406,8.7817,4.7038,2.6909,0.0965,2.366,2.0424,0.1148,0.1842,11.592,1.2073,5.8228,0.2285,549,0.0905,2
Montenegro,47.1033,1.6999,1.0618,8.9715,7.9477,2.3182,0.7379,0.04,2.424,9.4369,0.0825,0.0638,9.8343,1.4885,0.8756,0.1205,347,0.1357,3
Latvia,41.3636,0.693,0.4359,8.6886,2.2786,17.8555,0.9503,0.0745,0.4281,1.8161,0.0798,0.7511,1.3735,0.043,0.5198,5.3759,2182,0.019,0
Djibouti,38.9107,1.8665,0.6617,32.41,1.0655,0.4668,0.1565,0.0003,0.3638,1.7168,0.0159,0.005,0.0197,0.0088,0.0055,0.1478,659,0.059,0
Bhutan,36.2655,5.5164,1.074,19.4035,1.2524,0.9579,1.6731,0.0071,0.5771,4.9217,0.0262,0.1076,0.1674,0.0526,0.0265,0.502,1068,0.034,0
Kosovo,36.1531,1.3802,1.2905,8.6952,8.392,1.9215,0.9771,0.0383,1.4244,6.047,0.0899,0.062,2.8445,1.7014,1.0961,0.193,277,0.1305,10
Lebanon,35.5145,0.8498,0.4104,24.4654,4.2037,0.8292,0.0155,0.0178,0.545,2.0696,0.0237,0.0335,0.5665,0.7733,0.2178,0.4935,250,0.1421,0
Estonia,32.2295,0.5668,0.2377,6.71,1.2471,10.0543,0.6845,0.0585,0.2642,2.5566,0.0808,0.8278,1.1104,0.047,0.2468,7.5371,1596,0.0202,2
Bangladesh,31.1605,0.968,0.162,2.769,0.4369,6.5622,6.1445,0.0164,3.5472,3.8891,0.0196,2.562,0.682,0.4682,0.2527,2.6807,3465,0.009,0
Vanuatu,28.4164,3.5794,1.7043,11.829,0.7554,0.5358,7.0304,0.0097,0.2032,2.2208,0.0216,0.0268,0.066,0.1023,0.2384,0.0933,326,0.0872,1
eSwatini,27.5031,6.0686,0.5238,1.6991,1.1581,1.2947,0.255,0.1884,3.192,4.7641,6.7737,0.4268,0.0938,0.0378,0.2855,0.7417,421,0.0653,5
The Bahamas,21.5084,0.0961,0.0658,0.6993,0.47,2.5478,0.2799,0.08,0.1127,0.7625,0.0268,0.824,0.649,0.4529,2.0188,12.4229,438,0.0491,0
Palestine,21.4939,0.0576,0.0702,9.7813,2.4043,0.7181,0.0073,0.3751,0.1246,0.0079,0.0023,0.0049,0.0703,0.0786,0.9743,6.8171,153,0.1405,1
Northern Cyprus,21.0086,0.3989,0.1834,18.2986,1.4217,0.1932,0.0018,0.0011,0.118,0.122,0.0018,0.0016,0.0091,0.0803,0.0604,0.1167,87,0.2415,3
Belize,20.6316,6.0357,1.6517,3.4339,1.797,1.4136,0.8041,0.0266,0.4373,1.9948,0.0163,0.0792,0.4474,1.3479,0.5082,0.638,623,0.0331,0
Falkland Islands,15.4878,10.2194,0.4653,1.2539,0.5309,0.4376,0.0821,0.0651,0.434,1.7059,0.0415,0.0292,0.0588,0.0438,0.0877,0.0326,359,0.0431,0
Equatorial Guinea,14.5566,0.546,0.045,2.4695,0.0498,2.2601,1.9587,0.056,0.1669,1.7537,0.6935,0.1794,3.7996,0.0485,0.0121,0.5176,795,0.0183,1
French Southern and Antarctic Lands,12.6205,4.3462,0.8212,1.8655,1.0874,1.1212,0.4152,0.4144,0.5533,0.7828,0.1381,0.0797,0.1762,0.2649,0.3539,0.2006,203,0.0622,0
Gambia,12.1771,1.1221,0.1127,0.9504,0.1591,2.1158,0.8312,0.0272,0.1212,0.7957,0.1669,0.2874,1.104,0.5101,0.4547,3.4187,310,0.0393,0
French Polynesia,10.8561,2.4353,0.7325,2.6626,0.9364,1.0038,0.3821,0.3563,0.4687,0.8252,0.118,0.0686,0.1503,0.2333,0.3031,0.1799,78,0.1392,0
Brunei,8.395,1.1611,0.0875,1.2999,0.0689,0.4927,0.2187,0.008,0.84,0.2828,0.0384,0.0763,3.1429,0.4777,0.1359,0.064,155,0.0542,0
Luxembourg,7.5549,0.2676,0.3662,1.5245,1.2453,1.5842,0.1029,0.0279,0.5562,0.2703,0.0076,0.0302,0.4056,0.0767,1.0602,0.0295,80,0.0944,3
Trinidad and Tobago,7.4561,1.1856,0.2828,1.9372,0.2374,0.5844,0.8344,0.0096,0.0919,0.7724,0.0061,0.0316,0.6071,0.1017,0.2683,0.5056,155,0.0481,0
Cabo Verde,6.6114,0.79,0.2053,2.3682,0.1819,0.5309,0.1979,0.0518,0.0848,1.4808,0.0187,0.0193,0.0506,0.052,0.0662,0.513,99,0.0668,0
Samoa,6.1358,1.2229,0.4546,1.7838,0.3005,0.2543,1.1899,0.0797,0.1307,0.4202,0.0277,0.0177,0.0427,0.0656,0.0978,0.0476,77,0.0797,0
Comoros,5.2773,0.5583,0.2043,3.0702,0.134,0.1755,0.1295,0.0203,0.0553,0.8327,0.0087,0.0059,0.0125,0.0205,0.0215,0.0282,42,0.1256,0
Qatar,4.8478,0.0098,0.0046,1.605,0.093,0.3136,0.0082,0.0236,0.0164,0.0187,0.0015,0.0181,0.0751,0.018,0.0216,2.6206,343,0.0141,0
Singapore,4.3319,0.2189,0.0379,0.0683,0.0199,0.0854,0.0632,0.0043,3.1906,0.0597,0.0202,0.0487,0.1985,0.2252,0.0594,0.0317,12,0.361,0
Hong Kong S.A.R.,3.6182,0.182,0.1157,0.3351,0.2429,0.7575,0.1851,0.011,0.4624,0.1799,0.0149,0.2077,0.0957,0.4063,0.1529,0.2691,28,0.1292,2
São Tomé and Principe,3.5382,0.228,0.0653,2.5754,0.1572,0.1167,0.054,0.0037,0.0482,0.1639,0.0509,0.0205,0.0259,0.0039,0.0034,0.0211,33,0.1072,0
Kuwait,3.4762,0.0868,0.0122,0.5217,0.0625,0.744,0.0473,0.0341,0.0386,0.1762,0.0247,0.1336,0.1402,0.0316,0.0242,1.3985,498,0.007,0
Mauritius,2.4951,0.3337,0.0942,0.7357,0.1071,0.2369,0.1532,0.0349,0.053,0.3892,0.0326,0.0807,0.0595,0.0249,0.0338,0.1258,44,0.0567,0
Dominica,2.1484,0.2214,0.13,0.8956,0.0914,0.0746,0.3096,0.0015,0.0207,0.2051,0.0014,0.0063,0.0421,0.0275,0.1009,0.0203,21,0.1023,0
Saint Lucia,1.8508,0.1273,0.092,0.8191,0.0888,0.0677,0.1293,0.0043,0.0278,0.0896,0.0013,0.0096,0.0791,0.0194,0.2264,0.0691,17,0.1089,0
Aland,1.4313,0.0583,0.0236,0.7712,0.0677,0.1432,0.0164,0.0015,0.0204,0.2057,0.0018,0.0197,0.038,0.003,0.0074,0.0534,28,0.0511,0
South Georgia and the Islands,1.3104,0.3643,0.0862,0.2548,0.1218,0.1291,0.0456,0.0433,0.0627,0.069,0.0154,0.0096,0.0213,0.0278,0.0378,0.0217,99,0.0132,0
Andorra,1.2753,0.0734,0.0345,0.2321,0.1596,0.068,0.0172,0.0032,0.3202,0.0477,0.0025,0.0042,0.0768,0.0328,0.1955,0.0076,12,0.1063,1
Curaçao,1.2686,0.0027,0.0018,0.0228,0.009,0.0485,0.0043,0.0077,0.0041,0.0045,0.0014,0.0065,0.0301,0.0075,0.0992,1.0185,15,0.0846,2
Faroe Islands,1.1675,0.0732,0.0302,0.799,0.06,0.0449,0.0208,0.0005,0.023,0.0598,0.0005,0.0117,0.0224,0.0008,0.0144,0.0061,37,0.0316,0
Saint Vincent and the Grenadines,0.9023,0.0838,0.0551,0.4571,0.0507,0.031,0.0588,0.0012,0.0125,0.0406,0.001,0.0035,0.0144,0.0137,0.0452,0.034,11,0.082,0
Isle of Man,0.8907,0.0391,0.0159,0.6438,0.0634,0.0176,0.0031,0.0003,0.0611,0.0127,0.0004,0.0035,0.0094,0.0005,0.018,0.0019,17,0.0524,0
Turks and Caicos Islands,0.8687,0.0027,0.0015,0.0158,0.0116,0.0824,0.0097,0.0024,0.0033,0.0153,0.0018,0.0199,0.0246,0.0136,0.0379,0.626,14,0.062,0
Federated States of Micronesia,0.8294,0.1717,0.0537,0.2621,0.0617,0.0635,0.0338,0.0211,0.0284,0.0587,0.0072,0.0045,0.0103,0.0156,0.0197,0.0174,15,0.0553,0
Antigua and Barbuda,0.806,0.0157,0.0118,0.1391,0.0342,0.0526,0.0077,0.005,0.0091,0.0154,0.0005,0.0045,0.036,0.0105,0.2235,0.2406,15,0.0537,1
United States Virgin Islands,0.7071,0.0153,0.0129,0.1282,0.0399,0.062,0.0105,0.0068,0.0114,0.0175,0.0011,0.005,0.0307,0.0167,0.1481,0.2008,13,0.0544,0
Barbados,0.6727,0.0211,0.0106,0.0946,0.0159,0.0323,0.0069,0.0052,0.0085,0.0147,0.0005,0.0044,0.0357,0.0052,0.1921,0.2249,11,0.0612,0
Guam,0.6526,0.137,0.0416,0.1193,0.0573,0.0623,0.0255,0.0222,0.0288,0.0294,0.0072,0.0051,0.0144,0.0146,0.0364,0.0514,9,0.0725,0
Grenada,0.5949,0.0341,0.0229,0.2411,0.0296,0.031,0.0232,0.0018,0.0103,0.0275,0.0006,0.0039,0.0284,0.0073,0.0787,0.0545,9,0.0661,0
Liechtenstein,0.5506,0.0276,0.018,0.1196,0.0898,0.0717,0.0146,0.0013,0.0616,0.0257,0.0003,0.0017,0.0421,0.0117,0.0601,0.0047,6,0.0918,0
Saint Pierre and Miquelon,0.537,0.0278,0.0232,0.2892,0.0276,0.0115,0.0034,0.0013,0.0088,0.0108,1e-04,0.0022,0.0043,0.0015,0.1206,0.0046,5,0.1074,0
Saint Kitts and Nevis,0.5241,0.0207,0.0163,0.1364,0.0287,0.0416,0.0139,0.0039,0.0093,0.0177,0.0006,0.0036,0.0235,0.0092,0.1069,0.0919,9,0.0582,0
Kiribati,0.4559,0.0803,0.0227,0.0655,0.0323,0.0487,0.018,0.0127,0.0166,0.0328,0.0046,0.0056,0.0078,0.0083,0.0113,0.0885,26,0.0175,0
Aruba,0.4181,0.0008,0.0006,0.0056,0.0021,0.0159,0.0017,0.0018,0.0015,0.0011,0.0005,0.0023,0.0088,0.0018,0.0223,0.3512,4,0.1045,0
Bahrain,0.4053,0.0046,0.0024,0.1215,0.0215,0.079,0.0057,0.0014,0.0039,0.0357,0.0012,0.0104,0.012,0.0054,0.0026,0.0981,15,0.027,0
Saint Helena,0.4011,0.0862,0.0244,0.0709,0.0336,0.045,0.0165,0.0132,0.0172,0.0489,0.0044,0.0028,0.0063,0.0087,0.0112,0.0117,5,0.0802,0
Palau,0.3829,0.0687,0.0215,0.1102,0.0232,0.0302,0.0234,0.0055,0.0095,0.0555,0.0028,0.0019,0.0067,0.0075,0.0078,0.0084,8,0.0479,0
Malta,0.3517,0.0071,0.009,0.0752,0.071,0.0576,0.0011,0.002,0.009,0.0018,0.0008,0.0006,0.004,0.0068,0.0523,0.0535,6,0.0586,0
Cayman Islands,0.3322,0.0032,0.0022,0.0243,0.0106,0.0482,0.0075,0.0015,0.003,0.0172,0.0008,0.0049,0.0094,0.0068,0.0239,0.1688,8,0.0415,0
Tonga,0.3074,0.1035,0.0131,0.0422,0.0095,0.0188,0.0139,0.0026,0.008,0.0776,0.0013,0.0008,0.0046,0.0038,0.0034,0.0043,11,0.0279,0
Seychelles,0.2844,0.0636,0.0184,0.073,0.0249,0.0258,0.0103,0.0093,0.0123,0.0184,0.0031,0.0018,0.004,0.0063,0.008,0.0051,5,0.0569,0
Northern Mariana Islands,0.2823,0.0592,0.0177,0.0524,0.0254,0.0299,0.0115,0.0095,0.0127,0.0136,0.0032,0.0025,0.0055,0.0068,0.0106,0.0218,8,0.0353,0
Heard Island and McDonald Islands,0.2516,0.081,0.0158,0.0387,0.0221,0.0239,0.0084,0.0083,0.0116,0.0168,0.0029,0.0017,0.004,0.0053,0.0071,0.0041,10,0.0252,0
Montserrat,0.2255,0.0091,0.0078,0.0604,0.0149,0.0304,0.0099,0.0011,0.0046,0.0112,0.0004,0.0015,0.0067,0.0062,0.0257,0.0355,4,0.0564,0
Wallis and Futuna,0.1553,0.0255,0.0061,0.0651,0.0033,0.0083,0.0067,1e-04,0.0014,0.0309,0.0003,0.0003,0.001,0.0012,0.0006,0.0044,5,0.0311,0
Niue,0.1456,0.031,0.0085,0.0372,0.0088,0.0107,0.0161,0.003,0.0042,0.0159,0.0011,0.0006,0.0015,0.0022,0.0028,0.0021,5,0.0291,0
American Samoa,0.1431,0.0346,0.0092,0.043,0.0087,0.0089,0.0058,0.0025,0.0044,0.017,0.001,0.0005,0.0012,0.0024,0.0024,0.0016,3,0.0477,0
Anguilla,0.1384,0.0006,0.0006,0.0094,0.0036,0.01,0.0006,0.0009,0.001,0.0011,1e-04,0.0007,0.0033,0.0012,0.0209,0.0843,3,0.0461,0
British Virgin Islands,0.137,0.0021,0.0018,0.0182,0.0067,0.0129,0.0018,0.0009,0.0018,0.0029,0.0003,0.0013,0.0042,0.0027,0.0132,0.066,4,0.0342,0
Sint Maarten,0.1224,0.0008,0.0008,0.0078,0.0039,0.0116,0.0011,0.0015,0.0014,0.0012,0.0003,0.0008,0.0037,0.0018,0.0186,0.067,2,0.0612,0
Macao S.A.R,0.1187,0.0061,0.0027,0.0064,0.0037,0.0262,0.0111,0.0005,0.012,0.0086,0.0005,0.0077,0.0047,0.0126,0.0056,0.0104,1,0.1187,0
Saint Martin,0.1168,0.0011,0.001,0.0099,0.0043,0.0091,0.0008,0.0014,0.0015,0.0011,0.0002,0.0008,0.0039,0.0017,0.0249,0.0551,2,0.0584,0
San Marino,0.1045,0.0038,0.0058,0.0086,0.0339,0.0123,0.0009,1e-04,0.0036,0.0038,0.0002,1e-04,0.003,0.0155,0.0122,0.0005,1,0.1045,0
Indian Ocean Territories,0.1001,0.0064,0.0012,0.044,0.0011,0.0085,0.0076,0.0,0.0005,0.0159,0.0003,0.0004,0.0015,0.0003,0.0002,0.012,4,0.025,1
Siachen Glacier,0.0859,0.0365,0.0015,0.0265,0.0018,0.0006,1e-04,0.0,0.0016,0.0004,0.015,0.0018,0.0,0.0,1e-04,1e-04,53,0.0016,0
Jersey,0.0806,0.0034,0.0012,0.0378,0.0064,0.0122,0.0024,0.0002,0.004,0.0021,0.0007,0.0014,0.0017,0.0002,0.0012,0.0057,3,0.0269,0
Bermuda,0.0687,0.0098,0.0033,0.0102,0.0057,0.0097,0.0026,0.0017,0.0031,0.0025,0.0009,0.0009,0.0019,0.0021,0.0039,0.0104,2,0.0343,0
Pitcairn Islands,0.0656,0.0154,0.0043,0.0131,0.0057,0.0065,0.0029,0.0022,0.0029,0.0059,0.0007,0.0004,0.001,0.0014,0.0019,0.0013,2,0.0328,0
Cook Islands,0.0543,0.0129,0.0036,0.0126,0.0048,0.005,0.002,0.0018,0.0024,0.0038,0.0006,0.0003,0.0008,0.0012,0.0015,0.0009,1,0.0543,0
Marshall Islands,0.0523,0.0061,0.0014,0.0088,0.0019,0.0059,0.0024,0.0007,0.0011,0.0104,0.0003,0.0006,0.0008,0.0005,0.0006,0.0108,9,0.0058,0
British Indian Ocean Territory,0.0396,0.0084,0.0024,0.007,0.0034,0.0045,0.0018,0.0013,0.0018,0.0026,0.0005,0.0004,0.0007,0.0009,0.0011,0.0027,4,0.0099,0
Norfolk Island,0.0382,0.0065,0.001,0.006,0.0011,0.0054,0.0007,0.0003,0.0007,0.0149,1e-04,0.0002,0.0003,0.0002,0.0003,0.0005,1,0.0382,0
Guernsey,0.0361,0.0022,0.0008,0.0156,0.0032,0.0045,0.0008,1e-04,0.0021,0.0009,0.0004,0.0007,0.0005,1e-04,0.001,0.0032,1,0.0361,0
Saint Barthelemy,0.03,0.0002,1e-04,0.0025,0.0009,0.0039,0.0004,1e-04,0.0002,0.0005,1e-04,0.0003,0.0007,0.0004,0.0013,0.0185,1,0.03,0
Maldives,0.023,0.0013,0.0002,0.0022,0.0004,0.0043,0.001,1e-04,0.0004,0.0021,0.0002,0.0012,0.0006,0.0002,0.0003,0.0083,3,0.0077,0
Nauru,0.0211,0.001,0.0002,0.0025,1e-04,0.0028,0.0014,0.0,1e-04,0.0033,1e-04,0.0002,0.0005,1e-04,1e-04,0.0087,1,0.0211,1
