split,model,target,n_pos,capture@1%,capture@5%,capture@10%,capture@20%,capture_auc,roc_auc_pu,top1_acc,cross_entropy,mass_on_present
cv0,nn,all,9431,0.2588272717633337,0.5791538543102535,0.735340897041671,0.8549464531863005,0.9065261514082228,0.9113064627912869,,,
cv0,nn,non_us,5421,0.1342925659472422,0.4882862940416897,0.6347537354731599,0.7876775502674783,0.8743052948137449,0.8768227908608338,,,
cv0,nn,world_class,785,0.08535031847133757,0.2484076433121019,0.39490445859872614,0.5987261146496815,0.7943131275843232,0.7945968373215482,,,
cv0,knn,all,9431,0.09224896617537907,0.24992047502915915,0.3607252677340685,0.5016435160640441,0.7525729311733684,0.7555431682718416,,,
cv0,knn,non_us,5421,0.06806862202545656,0.18944844124700239,0.2853717026378897,0.4176351226710939,0.6997993719959186,0.7011428919326645,,,
cv0,knn,world_class,785,0.050955414012738856,0.1503184713375796,0.25477707006369427,0.4089171974522293,0.6938488814040916,0.6940360285822288,,,
cv0,gbm,all,9431,0.19457109532393171,0.5278337397942954,0.7058636411833316,0.8491146219913053,0.8982541259353619,0.9029379214407228,,,
cv0,gbm,non_us,5421,0.09905921416712783,0.3396052388858144,0.5487917358420955,0.7583471684191109,0.8512223592919398,0.8535845695753712,,,
cv0,gbm,world_class,785,0.07770700636942675,0.2751592356687898,0.43439490445859874,0.6152866242038216,0.7887666280932026,0.7890457136296257,,,
cv0,nn,composition,9431,,,,,,,0.4271020778238651,2.0179309844970703,0.42391133308410645
cv0,class_prior,composition,9431,,,,,,,0.2938726376885943,2.353402853012085,0.24056081473827362
cv1,nn,all,10989,0.2902902902902903,0.592046592046592,0.7188097188097188,0.8316498316498316,0.9059055305036873,0.9109320668674086,,,
cv1,nn,non_us,4720,0.05593220338983051,0.3375,0.5260593220338983,0.7091101694915254,0.8445053134959296,0.8463243688781135,,,
cv1,nn,world_class,997,0.058174523570712136,0.26178535606820463,0.41323971915747243,0.6198595787362087,0.8087932091836307,0.8091365166783655,,,
cv1,knn,all,10989,0.10337610337610338,0.24506324506324506,0.36154336154336153,0.5372645372645373,0.7538891878533002,0.7570327301144513,,,
cv1,knn,non_us,4720,0.0646186440677966,0.16885593220338982,0.2690677966101695,0.4152542372881356,0.6662261604196272,0.6671035690821542,,,
cv1,knn,world_class,997,0.06820461384152457,0.18054162487462388,0.2818455366098295,0.4222668004012036,0.6903769648586885,0.6905879227809162,,,
cv1,gbm,all,10989,0.2344162344162344,0.5858585858585859,0.7220857220857221,0.8609518609518609,0.9105403927702338,0.9156238717081928,,,
cv1,gbm,non_us,4720,0.025847457627118643,0.31080508474576274,0.4923728813559322,0.7334745762711864,0.8444276649408602,0.8462463015478875,,,
cv1,gbm,world_class,997,0.05416248746238716,0.24874623871614845,0.3731193580742227,0.5927783350050151,0.7984280918359512,0.7987591394932476,,,
cv1,nn,composition,10989,,,,,,,0.3960649747967768,2.123607635498047,0.4252487123012543
cv1,class_prior,composition,10989,,,,,,,0.34474133295601767,2.327324390411377,0.26763829588890076
cv2,nn,all,12172,0.3063588563917187,0.611731843575419,0.703089056851791,0.8168747946105817,0.8980317240246235,0.903234235152847,,,
cv2,nn,non_us,4145,0.06441495778045839,0.2436670687575392,0.3741857659831122,0.5922798552472859,0.7892466876730436,0.7905229427658554,,,
cv2,nn,world_class,876,0.04908675799086758,0.17922374429223745,0.3801369863013699,0.6095890410958904,0.7927071238041502,0.7929794897315541,,,
cv2,knn,all,12172,0.08314163654288531,0.21393361813999343,0.33503121919158724,0.5136378573775879,0.7481669460543351,0.7514110067503398,,,
cv2,knn,non_us,4145,0.039324487334137515,0.11459589867310012,0.20820265379975875,0.3575392038600724,0.6257935879162057,0.6263483323158413,,,
cv2,knn,world_class,876,0.04337899543378995,0.1267123287671233,0.22945205479452055,0.363013698630137,0.6144928893082561,0.6145987974625045,,,
cv2,gbm,all,12172,0.21335852776864936,0.6116496878080842,0.7442490962865593,0.8427538613210648,0.9019930905776867,0.9072483133592781,,,
cv2,gbm,non_us,4145,0.08829915560916768,0.24632086851628468,0.39951749095295536,0.5942098914354644,0.7906777560498703,0.791960330720461,,,
cv2,gbm,world_class,876,0.04794520547945205,0.2522831050228311,0.4440639269406393,0.6449771689497716,0.8094007446378831,0.8096878496700102,,,
cv2,nn,composition,12172,,,,,,,0.3218564051880911,2.2177650928497314,0.41096651554107666
cv2,class_prior,composition,12172,,,,,,,0.2628199512881624,2.3824427127838135,0.26579439640045166
cv3,nn,all,7235,0.14830684174153422,0.4776779543883898,0.6707671043538356,0.8181064270905322,0.8847172967144811,0.8879673425068765,,,
cv3,nn,non_us,4443,0.03196038712581589,0.27886563133018233,0.5264460949808688,0.7242853927526446,0.8379809032295253,0.8397283230179649,,,
cv3,nn,world_class,711,0.03938115330520394,0.20956399437412096,0.3881856540084388,0.6244725738396625,0.8108284546810008,0.8110840141727229,,,
cv3,knn,all,7235,0.11941948859709745,0.27394609536973047,0.39778852798894265,0.5481686247408432,0.7583311846229246,0.7605133436650517,,,
cv3,knn,non_us,4443,0.08260184559981994,0.2095431015079901,0.34391177132568085,0.5023632680621202,0.7135489675678152,0.7146528384582558,,,
cv3,knn,world_class,711,0.08157524613220815,0.19971870604781997,0.2770745428973277,0.37130801687763715,0.6346503263263317,0.6347607063675268,,,
cv3,gbm,all,7235,0.17553559087767795,0.4966136834830684,0.6511402902557014,0.8027643400138217,0.8807764981859832,0.8839937854923138,,,
cv3,gbm,non_us,4443,0.038037362142696374,0.3324330407382399,0.5196939005176683,0.7074049065946433,0.8347138489573643,0.8364451417605857,,,
cv3,gbm,world_class,711,0.030942334739803096,0.22644163150492264,0.44022503516174405,0.639943741209564,0.8093500512974977,0.8096039213850177,,,
cv3,nn,composition,7235,,,,,,,0.4198042328233763,1.9656423330307007,0.39745083451271057
cv3,class_prior,composition,7235,,,,,,,0.2396309842342313,2.349825620651245,0.20878423750400543
cv4,nn,all,12460,0.15160513643659712,0.44686998394863564,0.6159711075441413,0.7954253611556983,0.879314267758643,0.884232671505455,,,
cv4,nn,non_us,6228,0.020552344251766216,0.21339113680154143,0.42196531791907516,0.6701991008349389,0.827065884671572,0.8291717080799547,,,
cv4,nn,world_class,938,0.06716417910447761,0.2697228144989339,0.44989339019189767,0.6364605543710021,0.8195654508633645,0.8198732280560135,,,
cv4,knn,all,12460,0.08154093097913323,0.20874799357945426,0.32479935794542536,0.465569823434992,0.7114339852999364,0.7141753255725722,,,
cv4,knn,non_us,6228,0.0626204238921002,0.1859344894026975,0.3037893384714194,0.45215157353885677,0.7213701002284227,0.7227952313306278,,,
cv4,knn,world_class,938,0.05650319829424307,0.12153518123667377,0.21961620469083157,0.34968017057569295,0.6456132223782463,0.6457531767596657,,,
cv4,gbm,all,12460,0.15513643659711077,0.4888443017656501,0.6435794542536115,0.786115569823435,0.8830303243027624,0.8879970452757824,,,
cv4,gbm,non_us,6228,0.019107257546563904,0.2113037893384714,0.4341682723185613,0.6543031470777135,0.8207721348097684,0.8228376879343796,,,
cv4,gbm,world_class,938,0.07356076759061833,0.34968017057569295,0.5181236673773987,0.6918976545842217,0.8467478761789051,0.8470818589751459,,,
cv4,nn,composition,12460,,,,,,,0.3744996043866511,2.131844997406006,0.4121876060962677
cv4,class_prior,composition,12460,,,,,,,0.2709128944179869,2.4807252883911133,0.2606830596923828
holdout_south_america,nn,all,8394,0.025970931617822254,0.11901358112937813,0.21003097450559924,0.44174410293066474,0.7168359682417198,0.7203575356850005,,,
holdout_south_america,nn,non_us,8394,0.025970931617822254,0.11901358112937813,0.21003097450559924,0.44174410293066474,0.7168359682417198,0.7203575356850005,,,
holdout_south_america,nn,world_class,341,0.0469208211143695,0.15542521994134897,0.21700879765395895,0.4310850439882698,0.6903869010630204,0.6905097073070008,,,
holdout_south_america,knn,all,8394,0.018942101501072194,0.09244698594233977,0.16726233023588277,0.2388610912556588,0.5589376360219408,0.5598941192131593,,,
holdout_south_america,knn,non_us,8394,0.018942101501072194,0.09244698594233977,0.16726233023588277,0.2388610912556588,0.5589376360219408,0.5598941192131593,,,
holdout_south_america,knn,world_class,341,0.017595307917888565,0.07624633431085044,0.12023460410557185,0.22580645161290322,0.5485019075919572,0.5485324722689985,,,
holdout_south_america,gbm,all,8394,0.04169644984512747,0.18846795329997618,0.30116750059566355,0.46509411484393615,0.7249875170218583,0.7286415062307477,,,
holdout_south_america,gbm,non_us,8394,0.04169644984512747,0.18846795329997618,0.30116750059566355,0.46509411484393615,0.7249875170218583,0.7286415062307477,,,
holdout_south_america,gbm,world_class,341,0.0469208211143695,0.2434017595307918,0.375366568914956,0.5454545454545454,0.7609766161783889,0.7611452510924104,,,
holdout_south_america,nn,composition,8394,,,,,,,0.28117043897709326,2.7147247791290283,0.3569321930408478
holdout_south_america,class_prior,composition,8394,,,,,,,0.28492394759303225,2.2911205291748047,0.2211296409368515
holdout_australia,nn,all,743,0.047106325706594884,0.1655450874831763,0.29475100942126514,0.49259757738896365,0.7284384988425269,0.7291086016614254,,,
holdout_australia,nn,non_us,743,0.047106325706594884,0.1655450874831763,0.29475100942126514,0.49259757738896365,0.7284384988425269,0.7291086016614254,,,
holdout_australia,nn,world_class,139,0.02158273381294964,0.17266187050359713,0.381294964028777,0.60431654676259,0.7501354623119364,0.7502707962927233,,,
holdout_australia,knn,all,743,0.009421265141318977,0.02288021534320323,0.07806191117092867,0.1480484522207268,0.4394393047130855,0.4392591437178961,,,
holdout_australia,knn,non_us,743,0.009421265141318977,0.02288021534320323,0.07806191117092867,0.1480484522207268,0.4394393047130855,0.4392591437178961,,,
holdout_australia,knn,world_class,139,0.0,0.02158273381294964,0.04316546762589928,0.10071942446043165,0.44648642178504394,0.4464550617413842,,,
holdout_australia,gbm,all,743,0.03095558546433378,0.17092866756393002,0.2920592193808883,0.4791386271870794,0.7360747350833122,0.7367673504595184,,,
holdout_australia,gbm,non_us,743,0.03095558546433378,0.17092866756393002,0.2920592193808883,0.4791386271870794,0.7360747350833122,0.7367673504595184,,,
holdout_australia,gbm,world_class,139,0.007194244604316547,0.15827338129496402,0.31654676258992803,0.4892086330935252,0.7569176390279618,0.757056739798789,,,
holdout_australia,nn,composition,743,,,,,,,0.06790123420956073,3.995539665222168,0.12348182499408722
holdout_australia,class_prior,composition,743,,,,,,,0.2616598035421792,2.4505183696746826,0.22212788462638855
holdout_africa,nn,all,2145,0.03076923076923077,0.15011655011655012,0.275990675990676,0.49230769230769234,0.7462081264793499,0.7467574282816909,,,
holdout_africa,nn,non_us,2145,0.03076923076923077,0.15011655011655012,0.275990675990676,0.49230769230769234,0.7462081264793499,0.7467574282816909,,,
holdout_africa,nn,world_class,878,0.03416856492027335,0.16173120728929385,0.29043280182232345,0.49430523917995445,0.7557829943412355,0.7560159746343075,,,
holdout_africa,knn,all,2145,0.06433566433566433,0.18787878787878787,0.22843822843822845,0.28205128205128205,0.45504923144479587,0.4549483294442848,,,
holdout_africa,knn,non_us,2145,0.06433566433566433,0.18787878787878787,0.22843822843822845,0.28205128205128205,0.45504923144479587,0.4549483294442848,,,
holdout_africa,knn,world_class,878,0.03189066059225513,0.12414578587699317,0.15945330296127563,0.224373576309795,0.3924477157748972,0.39234901417201246,,,
holdout_africa,gbm,all,2145,0.017715617715617717,0.21818181818181817,0.3939393939393939,0.6013986013986014,0.7948410089577149,0.7954989107727699,,,
holdout_africa,gbm,non_us,2145,0.017715617715617717,0.21818181818181817,0.3939393939393939,0.6013986013986014,0.7948410089577149,0.7954989107727699,,,
holdout_africa,gbm,world_class,878,0.0193621867881549,0.224373576309795,0.4054669703872437,0.6355353075170843,0.8094687762891142,0.8097507625976406,,,
holdout_africa,nn,composition,2145,,,,,,,0.12388822034634957,3.045685052871704,0.1775653213262558
holdout_africa,class_prior,composition,2145,,,,,,,0.1647637630431457,2.635427474975586,0.16895397007465363
